id,occ_title,a_mean,is_selected,last_updated
1,"Natural Sciences Managers","156,110",0,NULL
2,"Training and Development Managers","128,800",0,NULL
3,"Data Scientists","108,660",0,NULL
4,"Training and Development Managers","128,800",0,NULL
5,"Data Scientists","108,660",0,NULL
6,"Property, Real Estate, and Community Association Managers","70,030",0,NULL
7,"Other Management Occupations","107,230",0,NULL
8,"Education Administrators, Postsecondary","111,260",0,NULL
9,"Miscellaneous Mathematical Science Occupations","77,960",0,NULL
10,"Cartographers and Photogrammetrists","73,510",0,NULL
11,"Farmers, Ranchers, and Other Agricultural Managers","78,440",0,NULL
12,"Training and Development Specialists","67,620",0,NULL
13,"Mathematical Science Occupations, All Other","77,960",0,NULL
14,"Farmers, Ranchers, and Other Agricultural Managers","78,440",0,NULL
15,"Architecture and Engineering Occupations","91,740",0,NULL
16,"Construction Managers","108,210",0,NULL
17,"Architects, Surveyors, and Cartographers","82,880",0,NULL
18,"Architects, Except Naval","89,400",0,NULL
19,"Construction Managers","108,210",0,NULL
20,"Education Administrators, All Other","94,730",0,NULL
21,"Education and Childcare Administrators","99,280",0,NULL
22,"Cost Estimators","73,740",0,NULL
23,"Market Research Analysts and Marketing Specialists","76,080",0,NULL
24,"Architects, Except Landscape and Naval","91,900",0,NULL
25,"Market Research Analysts and Marketing Specialists","76,080",0,NULL
26,"Education and Childcare Administrators, Preschool and Daycare","53,800",0,NULL
27,Surveyors,"68,880",0,NULL
28,"Landscape Architects","74,980",0,NULL
29,"Architectural and Engineering Managers","158,970",0,NULL
30,"Computer Hardware Engineers","136,230",0,NULL
31,"Atmospheric and Space Scientists","96,880",0,NULL
32,"Compensation, Benefits, and Job Analysis Specialists","73,810",0,NULL
33,"Human Resources Specialists","70,720",0,NULL
34,"Electrical and Electronics Engineers","110,670",0,NULL
35,"Miscellaneous Business Operations Specialists","79,240",0,NULL
36,"Postmasters and Mail Superintendents","81,820",0,NULL
37,"Atmospheric and Space Scientists","96,880",0,NULL
38,"Cost Estimators","73,740",0,NULL
39,"Business Operations Specialists, All Other","79,240",0,NULL
40,"Education Administrators, Kindergarten through Secondary","102,650",0,NULL
41,"Chemists and Materials Scientists","90,330",0,NULL
42,"Compensation, Benefits, and Job Analysis Specialists","73,810",0,NULL
43,Chemists,"89,130",0,NULL
44,"Postmasters and Mail Superintendents","81,820",0,NULL
45,"Financial Specialists","87,350",0,NULL
46,"Surveyors, Cartographers, and Photogrammetrists","69,870",0,NULL
47,"Materials Scientists","104,790",0,NULL
48,Engineers,"104,000",0,NULL
49,"Substance Abuse, Behavioral Disorder, and Mental Health Counselors","53,490",0,NULL
50,"Architectural and Engineering Managers","158,970",0,NULL
51,"Accountants and Auditors","83,980",0,NULL
52,"Farm Labor Contractors","54,400",0,NULL
53,"Training and Development Specialists","67,620",0,NULL
54,"Environmental Scientists and Geoscientists","86,980",0,NULL
55,"Human Resources Workers","71,210",0,NULL
56,"Labor Relations Specialists","77,070",0,NULL
57,"Counselors, All Other","49,730",0,NULL
58,"Aerospace Engineers","122,970",0,NULL
59,"Accountants and Auditors","83,980",0,NULL
60,"Credit Analysts","88,030",0,NULL
61,"Food Service Managers","63,970",0,NULL
62,"Health Education Specialists","64,930",0,NULL
63,Economists,"120,830",0,NULL
64,"Credit Analysts","88,030",0,NULL
65,"Survey Researchers","64,690",0,NULL
66,"Financial Analysts and Advisors","106,340",0,NULL
67,"Survey Researchers","64,690",0,NULL
68,Psychologists,"92,100",0,NULL
69,"Environmental Scientists and Specialists, Including Health","81,240",0,NULL
70,"Industrial-Organizational Psychologists","113,320",0,NULL
71,"Probation Officers and Correctional Treatment Specialists","63,290",0,NULL
72,"Logisticians and Project Management Specialists","94,530",0,NULL
73,"Clinical and Counseling Psychologists","99,640",0,NULL
74,"Social Workers","57,880",0,NULL
75,"Financial and Investment Analysts","103,020",0,NULL
76,"Meeting, Convention, and Event Planners","57,850",0,NULL
77,"Food Service Managers","63,970",0,NULL
78,"Chemical Engineers","121,840",0,NULL
79,"Property Appraisers and Assessors","70,050",0,NULL
80,"Medical and Health Services Managers","119,840",0,NULL
81,"Aerospace Engineers","122,970",0,NULL
82,"Civil Engineers","95,490",0,NULL
83,"Geoscientists, Except Hydrologists and Geographers","103,550",0,NULL
84,"Social and Human Service Assistants","40,460",0,NULL
85,"Meeting, Convention, and Event Planners","57,850",0,NULL
86,Logisticians,"79,230",0,NULL
87,"School Psychologists","82,770",0,NULL
88,"Entertainment and Recreation Managers","76,430",0,NULL
89,"Agricultural Engineers","87,350",0,NULL
90,"Medical and Health Services Managers","119,840",0,NULL
91,"Gambling Managers","89,190",0,NULL
92,"Community Health Workers","47,780",0,NULL
93,"Agricultural Engineers","87,350",0,NULL
94,"Civil Engineers","95,490",0,NULL
95,"Project Management Specialists","98,420",0,NULL
96,"Personal Financial Advisors","119,960",0,NULL
97,Fundraisers,"64,870",0,NULL
98,"Bioengineers and Biomedical Engineers","101,020",0,NULL
99,"Entertainment and Recreation Managers, Except Gambling","73,810",0,NULL
100,"Psychologists, All Other","98,010",0,NULL
101,"Management Analysts","100,530",0,NULL
102,"Natural Sciences Managers","156,110",0,NULL
103,"Bioengineers and Biomedical Engineers","101,020",0,NULL
104,"Community and Social Service Specialists, All Other","50,510",0,NULL
105,"Management Analysts","100,530",0,NULL
106,"Computer Hardware Engineers","136,230",0,NULL
107,Sociologists,"96,260",0,NULL
108,"Lodging Managers","67,770",0,NULL
109,"Chemical Engineers","121,840",0,NULL
110,Fundraisers,"64,870",0,NULL
111,"Lodging Managers","67,770",0,NULL
112,"Religious Workers","54,340",0,NULL
113,"Child, Family, and School Social Workers","54,880",0,NULL
114,Sociologists,"96,260",0,NULL
115,Hydrologists,"94,780",0,NULL
116,Clergy,"57,230",0,NULL
117,"Property Appraisers and Assessors","70,050",0,NULL
118,"Math and Computer Science Teachers, Postsecondary","88,730",0,NULL
119,"Healthcare Social Workers","62,310",0,NULL
120,"Urban and Regional Planners","81,310",0,NULL
121,"Social Work Teachers, Postsecondary","77,650",0,NULL
122,Clergy,"57,230",0,NULL
123,"Arts, Communications, History, and Humanities Teachers, Postsecondary","85,110",0,NULL
124,"Urban and Regional Planners","81,310",0,NULL
125,"Miscellaneous Physical Scientists","113,220",0,NULL
126,"Budget Analysts","84,240",0,NULL
127,"Mental Health and Substance Abuse Social Workers","57,800",0,NULL
128,"Physical Scientists, All Other","113,220",0,NULL
129,"Social Workers, All Other","63,010",0,NULL
130,"Budget Analysts","84,240",0,NULL
131,"Computer Science Teachers, Postsecondary","89,610",0,NULL
132,"Miscellaneous Social Scientists and Related Workers","89,840",0,NULL
133,"Social Scientists and Related Workers","90,810",0,NULL
134,"Miscellaneous Community and Social Service Specialists","47,380",0,NULL
135,"Art, Drama, and Music Teachers, Postsecondary","86,240",0,NULL
136,"Directors, Religious Activities and Education","52,880",0,NULL
137,Economists,"120,830",0,NULL
138,"Mathematical Science Teachers, Postsecondary","87,980",0,NULL
139,"Anthropologists and Archeologists","66,800",0,NULL
140,"Communications Teachers, Postsecondary","84,580",0,NULL
141,"Financial Examiners","96,180",0,NULL
142,"Directors, Religious Activities and Education","52,880",0,NULL
143,"Family and Consumer Sciences Teachers, Postsecondary","93,230",0,NULL
144,"Engineering and Architecture Teachers, Postsecondary","113,150",0,NULL
145,"Social Scientists and Related Workers, All Other","90,900",0,NULL
146,Geographers,"86,740",0,NULL
147,"Forest and Conservation Technicians","43,420",0,NULL
148,"Lawyers, Judges, and Related Workers","144,470",0,NULL
149,"English Language and Literature Teachers, Postsecondary","82,680",0,NULL
150,"Recreation and Fitness Studies Teachers, Postsecondary","79,080",0,NULL
151,"Foreign Language and Literature Teachers, Postsecondary","82,990",0,NULL
152,"Financial Examiners","96,180",0,NULL
153,"Forest and Conservation Technicians","43,420",0,NULL
154,"Miscellaneous Religious Workers","43,290",0,NULL
155,"Life, Physical, and Social Science Technicians","53,890",0,NULL
156,"Insurance Underwriters","79,940",0,NULL
157,"Agricultural Sciences Teachers, Postsecondary","97,520",0,NULL
158,"Architecture Teachers, Postsecondary","98,600",0,NULL
159,"Lawyers and Judicial Law Clerks","146,220",0,NULL
160,"Career/Technical Education Teachers, Postsecondary","63,130",0,NULL
161,Historians,"72,130",0,NULL
162,Lawyers,"148,030",0,NULL
163,"History Teachers, Postsecondary","86,460",0,NULL
164,"Biological Science Teachers, Postsecondary","98,710",0,NULL
165,"Postsecondary Teachers, All Other","92,200",0,NULL
166,"Religious Workers, All Other","43,290",0,NULL
167,"Credit Counselors and Loan Officers","78,040",0,NULL
168,"Engineering Teachers, Postsecondary","115,590",0,NULL
169,"Miscellaneous Life, Physical, and Social Science Technicians","57,880",0,NULL
170,"Financial Risk Specialists","110,610",0,NULL
171,"Agricultural and Food Science Technicians","46,240",0,NULL
172,"Forestry and Conservation Science Teachers, Postsecondary","93,510",0,NULL
173,"Philosophy and Religion Teachers, Postsecondary","88,260",0,NULL
174,"Judicial Law Clerks","62,730",0,NULL
175,"Legal Occupations","113,100",0,NULL
176,"Agricultural Technicians","44,850",0,NULL
177,"Preschool, Elementary, Middle, Secondary, and Special Education Teachers","64,870",0,NULL
178,"Credit Counselors","50,430",0,NULL
179,"Life Sciences Teachers, Postsecondary","98,430",0,NULL
180,"Forensic Science Technicians","66,850",0,NULL
181,"Political Scientists","120,430",0,NULL
182,"Judges, Magistrates, and Other Judicial Workers","119,690",0,NULL
183,"Miscellaneous Postsecondary Teachers","82,100",0,NULL
184,"Physical Sciences Teachers, Postsecondary","97,110",0,NULL
185,"Food Science Technicians","47,870",0,NULL
186,"Preschool and Kindergarten Teachers","43,060",0,NULL
187,"Loan Officers","80,570",0,NULL
188,"Life, Physical, and Social Science Technicians, All Other","55,420",0,NULL
189,"Administrative Law Judges, Adjudicators, and Hearing Officers","104,160",0,NULL
190,"Atmospheric, Earth, Marine, and Space Sciences Teachers, Postsecondary","102,840",0,NULL
191,"Preschool Teachers, Except Special Education","36,460",0,NULL
192,"Arbitrators, Mediators, and Conciliators","62,350",0,NULL
193,"Chemistry Teachers, Postsecondary","94,060",0,NULL
194,"Hydrologic Technicians","71,760",0,NULL
195,"Biological Technicians","51,770",0,NULL
196,"Educational Instruction and Library Occupations","62,140",0,NULL
197,"Occupational Health and Safety Specialists and Technicians","75,150",0,NULL
198,"Occupational Health and Safety Technicians","57,560",0,NULL
199,"Judges, Magistrate Judges, and Magistrates","142,520",0,NULL
200,"Middle School Teachers, Except Special and Career/Technical Education","66,880",0,NULL
201,"Kindergarten Teachers, Except Special Education","64,490",0,NULL
202,"Anthropology and Archeology Teachers, Postsecondary","102,110",0,NULL
203,"Career/Technical Education Teachers, Middle School","69,410",0,NULL
204,"Biological Technicians","51,770",0,NULL
205,"Library Science Teachers, Postsecondary","80,850",0,NULL
206,"Environmental Science Teachers, Postsecondary","92,210",0,NULL
207,"Community and Social Service Occupations","53,960",0,NULL
208,"Area, Ethnic, and Cultural Studies Teachers, Postsecondary","91,680",0,NULL
209,"Legal Support Workers","59,190",0,NULL
210,"Nuclear Technicians","95,200",0,NULL
211,"Occupational Health and Safety Specialists and Technicians","75,150",0,NULL
212,"Postsecondary Teachers","95,200",0,NULL
213,"Chemical Technicians","55,040",0,NULL
214,"Secondary School Teachers","69,490",0,NULL
215,"Law, Criminal Justice, and Social Work Teachers, Postsecondary","97,720",0,NULL
216,"Elementary and Middle School Teachers","67,030",0,NULL
217,"Economics Teachers, Postsecondary","124,090",0,NULL
218,"Physics Teachers, Postsecondary","99,480",0,NULL
219,"Nuclear Technicians","95,200",0,NULL
220,"Elementary School Teachers, Except Special Education","67,080",0,NULL
221,"Counselors, Social Workers, and Other Community and Social Service Specialists","53,950",0,NULL
222,"Business Teachers, Postsecondary","105,720",0,NULL
223,"Secondary School Teachers, Except Special and Career/Technical Education","69,530",0,NULL
224,"Geography Teachers, Postsecondary","88,150",0,NULL
225,"Social Science Research Assistants","56,430",0,NULL
226,Counselors,"56,410",0,NULL
227,"Criminal Justice and Law Enforcement Teachers, Postsecondary","81,730",0,NULL
228,"Career/Technical Education Teachers, Secondary School","68,960",0,NULL
229,"Occupational Health and Safety Specialists","78,740",0,NULL
230,"Business Teachers, Postsecondary","105,720",0,NULL
231,"Social Sciences Teachers, Postsecondary","94,340",0,NULL
232,"Political Science Teachers, Postsecondary","98,980",0,NULL
233,"Social Science Research Assistants","56,430",0,NULL
234,"Paralegals and Legal Assistants","58,330",0,NULL
235,"Law Teachers, Postsecondary","130,820",0,NULL
236,"Chemical Technicians","55,040",0,NULL
237,"Educational, Guidance, and Career Counselors and Advisors","63,090",0,NULL
238,"Special Education Teachers","68,880",0,NULL
239,"Health Specialties Teachers, Postsecondary","133,310",0,NULL
240,"Psychology Teachers, Postsecondary","88,390",0,NULL
241,"Paralegals and Legal Assistants","58,330",0,NULL
242,"Environmental Science and Geoscience Technicians","53,830",0,NULL
243,"Marriage and Family Therapists","59,660",0,NULL
244,"Special Education Teachers, Preschool","71,970",0,NULL
245,"Nursing Instructors and Teachers, Postsecondary","82,040",0,NULL
246,"Rehabilitation Counselors","44,740",0,NULL
247,"Miscellaneous Legal Support Workers","62,170",0,NULL
248,"Sociology Teachers, Postsecondary","87,850",0,NULL
249,"Environmental Science and Protection Technicians, Including Health","50,550",0,NULL
250,"Social Sciences Teachers, Postsecondary, All Other","87,320",0,NULL
251,"Title Examiners, Abstractors, and Searchers","52,390",0,NULL
252,"Special Education Teachers, Kindergarten and Elementary School","67,090",0,NULL
253,"Education and Library Science Teachers, Postsecondary","77,260",0,NULL
254,"Health Teachers, Postsecondary","119,880",0,NULL
255,"Geological Technicians, Except Hydrologic Technicians","59,080",0,NULL
256,"Special Education Teachers, Middle School","68,860",0,NULL
257,"Education Teachers, Postsecondary","76,990",0,NULL
258,Curators,"63,880",0,NULL
259,"Legal Support Workers, All Other","73,000",0,NULL
260,"Special Education Teachers, Secondary School","70,100",0,NULL
261,"Entertainers and Performers, Sports and Related Workers","71,870",0,NULL
262,"Teaching Assistants","32,640",0,NULL
263,"Athletes and Sports Competitors","116,930",0,NULL
264,"Actors, Producers, and Directors","95,360",0,NULL
265,"Adult Basic Education, Adult Secondary Education, and English as a Second Language Instructors","60,650",0,NULL
266,"Special Education Teachers, All Other","71,330",0,NULL
267,"Library Technicians","39,070",0,NULL
268,"Museum Technicians and Conservators","52,030",0,NULL
269,"Healthcare Diagnosing or Treating Practitioners","112,160",0,NULL
270,"Physical Therapists","92,920",0,NULL
271,"Film and Video Editors","76,000",0,NULL
272,"Arts, Design, Entertainment, Sports, and Media Occupations","66,100",0,NULL
273,Podiatrists,"158,380",0,NULL
274,"Coaches and Scouts","50,550",0,NULL
275,"Self-Enrichment Teachers","49,230",0,NULL
276,"Teaching Assistants, Postsecondary","41,170",0,NULL
277,Chiropractors,"81,240",0,NULL
278,Actors,*,0,NULL
279,"Radiation Therapists","94,000",0,NULL
280,"Other Teachers and Instructors","46,490",0,NULL
281,"Art and Design Workers","58,910",0,NULL
282,"Umpires, Referees, and Other Sports Officials","51,710",0,NULL
283,Podiatrists,"158,380",0,NULL
284,Chiropractors,"81,240",0,NULL
285,"Miscellaneous Media and Communication Equipment Workers","69,290",0,NULL
286,"Library Technicians","39,070",0,NULL
287,"Recreational Therapists","53,900",0,NULL
288,"Producers and Directors","101,950",0,NULL
289,"Self-Enrichment Teachers","49,230",0,NULL
290,"Teaching Assistants, Except Postsecondary","31,760",0,NULL
291,"Dancers and Choreographers","50,280",0,NULL
292,"Librarians and Media Collections Specialists","64,180",0,NULL
293,"Artists and Related Workers","95,330",0,NULL
294,"Other Educational Instruction and Library Occupations","38,620",0,NULL
295,Dentists,"177,770",0,NULL
296,"Respiratory Therapists","68,190",0,NULL
297,"Art Directors","115,430",0,NULL
298,Dancers,*,0,NULL
299,"Substitute Teachers, Short-Term","38,410",0,NULL
300,"Farm and Home Management Educators","58,040",0,NULL
301,"Dentists, General","167,160",0,NULL
302,"Media and Communication Equipment Workers, All Other","69,290",0,NULL
303,Choreographers,"49,630",0,NULL
304,Therapists,"84,080",0,NULL
305,"Craft Artists","40,730",0,NULL
306,"Speech-Language Pathologists","85,820",0,NULL
307,"Adult Basic Education, Adult Secondary Education, and English as a Second Language Instructors","60,650",0,NULL
308,"Substitute Teachers, Short-Term","38,410",0,NULL
309,"Athletes, Coaches, Umpires, and Related Workers","54,390",0,NULL
310,"Farm and Home Management Educators","58,040",0,NULL
311,"Miscellaneous Educational Instruction and Library Workers","49,650",0,NULL
312,"Musicians, Singers, and Related Workers",*,0,NULL
313,"Oral and Maxillofacial Surgeons","311,460",0,NULL
314,"Librarians and Media Collections Specialists","64,180",0,NULL
315,"All Occupations","58,260",0,NULL
316,"Healthcare Practitioners and Technical Occupations","91,100",0,NULL
317,"Instructional Coordinators","70,560",0,NULL
318,"Occupational Therapists","89,470",0,NULL
319,"Educational Instruction and Library Workers, All Other","49,650",0,NULL
320,"Fine Artists, Including Painters, Sculptors, and Illustrators","69,010",0,NULL
321,"Music Directors and Composers","65,080",0,NULL
322,"Instructional Coordinators","70,560",0,NULL
323,Veterinarians,"109,920",0,NULL
324,Tutors,"41,780",0,NULL
325,"Entertainers and Performers, Sports and Related Workers, All Other",*,0,NULL
326,Veterinarians,"109,920",0,NULL
327,"Musicians and Singers",*,0,NULL
328,"Clinical Laboratory Technologists and Technicians","56,910",0,NULL
329,"Registered Nurses","82,750",0,NULL
330,"Media and Communication Workers","71,760",0,NULL
331,"Registered Nurses","82,750",0,NULL
332,"Diagnostic Related Technologists and Technicians","70,780",0,NULL
333,"Cardiovascular Technologists and Technicians","62,020",0,NULL
334,Pharmacists,"125,690",0,NULL
335,"Special Effects Artists and Animators","86,220",0,NULL
336,"Diagnostic Medical Sonographers","80,680",0,NULL
337,"Archivists, Curators, and Museum Technicians","58,830",0,NULL
338,"Tax Examiners, Collectors and Preparers, and Revenue Agents","55,750",0,NULL
339,Pharmacists,"125,690",0,NULL
340,Orthodontists,"267,280",0,NULL
341,"Nuclear Medicine Technologists","84,850",0,NULL
342,"Artists and Related Workers, All Other","67,240",0,NULL
343,"Radiologic Technologists and Technicians","66,490",0,NULL
344,"Merchandise Displayers and Window Trimmers","35,520",0,NULL
345,"Exercise Physiologists","54,030",0,NULL
346,"Physician Assistants","119,460",0,NULL
347,"Miscellaneous Entertainers and Performers, Sports and Related Workers",*,0,NULL
348,"Magnetic Resonance Imaging Technologists","77,820",0,NULL
349,"Nurse Anesthetists","202,470",0,NULL
350,"Therapists, All Other","65,030",0,NULL
351,"Set and Exhibit Designers","62,960",0,NULL
352,"Medical Dosimetrists","124,750",0,NULL
353,"Clinical Laboratory Technologists and Technicians","56,910",0,NULL
354,Archivists,"61,880",0,NULL
355,"Disc Jockeys, Except Radio",*,0,NULL
356,"Physician Assistants","119,460",0,NULL
357,Prosthodontists,"143,730",0,NULL
358,"Designers, All Other","73,480",0,NULL
359,"Nurse Anesthetists","202,470",0,NULL
360,Tutors,"41,780",0,NULL
361,"Emergency Medical Technicians and Paramedics","41,480",0,NULL
362,Designers,"53,160",0,NULL
363,"Nurse Midwives","114,210",0,NULL
364,"Nurse Practitioners","118,040",0,NULL
365,"Dentists, All Other Specialists","179,400",0,NULL
366,"Broadcast Announcers and Radio Disc Jockeys","56,110",0,NULL
367,"Commercial and Industrial Designers","79,680",0,NULL
368,"Emergency Medical Technicians","36,690",0,NULL
369,"News Analysts, Reporters, and Journalists","63,230",0,NULL
370,"Dietitians and Nutritionists","65,620",0,NULL
371,"Fashion Designers","83,650",0,NULL
372,"Pharmacy Technicians","37,970",0,NULL
373,"Nurse Practitioners","118,040",0,NULL
374,"Dietitians and Nutritionists","65,620",0,NULL
375,Paramedics,"49,500",0,NULL
376,"Miscellaneous Teachers and Instructors","62,200",0,NULL
377,"Floral Designers","32,100",0,NULL
378,"Psychiatric Technicians","38,000",0,NULL
379,"Broadcast Announcers and Radio Disc Jockeys","56,110",0,NULL
380,Optometrists,"125,440",0,NULL
381,"Teachers and Instructors, All Other","62,200",0,NULL
382,"Public Relations Specialists","73,250",0,NULL
383,Audiologists,"86,050",0,NULL
384,"Graphic Designers","59,970",0,NULL
385,"Health Practitioner Support Technologists and Technicians","40,170",0,NULL
386,Optometrists,"125,440",0,NULL
387,"Librarians, Curators, and Archivists","55,520",0,NULL
388,"Surgical Technologists","53,590",0,NULL
389,Audiologists,"86,050",0,NULL
390,"Interior Designers","62,570",0,NULL
391,"Nurse Midwives","114,210",0,NULL
392,"Public Relations Specialists","73,250",0,NULL
393,"Dietetic Technicians","34,160",0,NULL
394,"Veterinary Technologists and Technicians","38,250",0,NULL
395,"Ophthalmic Medical Technicians","41,120",0,NULL
396,Physicians,"252,480",0,NULL
397,"Writers and Editors","78,950",0,NULL
398,"Media and Communication Equipment Workers","58,970",0,NULL
399,Anesthesiologists,"331,190",0,NULL
400,"Physicians, Pathologists","267,180",0,NULL
401,"First-Line Supervisors of Firefighting and Prevention Workers","83,270",0,NULL
402,"Broadcast, Sound, and Lighting Technicians","55,750",0,NULL
403,Psychiatrists,"249,760",0,NULL
404,"Waiters and Waitresses","29,010",0,NULL
405,"Miscellaneous First-Line Supervisors, Protective Service Workers","57,730",0,NULL
406,"Waiters and Waitresses","29,010",0,NULL
407,Editors,"76,400",0,NULL
408,"First-Line Supervisors of Security Workers","55,080",0,NULL
409,Cardiologists,"353,970",0,NULL
410,"Food Servers, Nonrestaurant","29,500",0,NULL
411,"First-Line Supervisors of Protective Service Workers, All Other","63,910",0,NULL
412,"Technical Writers","81,470",0,NULL
413,"Food Servers, Nonrestaurant","29,500",0,NULL
414,Dermatologists,"302,740",0,NULL
415,"Firefighting and Prevention Workers","55,910",0,NULL
416,"Other Food Preparation and Serving Related Workers","27,170",0,NULL
417,"Emergency Medicine Physicians","310,640",0,NULL
418,Firefighters,"55,290",0,NULL
419,"Writers and Authors","81,120",0,NULL
420,"Dining Room and Cafeteria Attendants and Bartender Helpers","27,690",0,NULL
421,"Family Medicine Physicians","235,930",0,NULL
422,Firefighters,"55,290",0,NULL
423,"Dining Room and Cafeteria Attendants and Bartender Helpers","27,690",0,NULL
424,"Fire Inspectors","67,230",0,NULL
425,"General Internal Medicine Physicians","242,190",0,NULL
426,Dishwashers,"27,350",0,NULL
427,"News Analysts, Reporters and Journalists","63,230",0,NULL
428,Dishwashers,"27,350",0,NULL
429,"Miscellaneous Media and Communication Workers","59,650",0,NULL
430,"Fire Inspectors and Investigators","69,680",0,NULL
431,"Forest Fire Inspectors and Prevention Specialists","54,340",0,NULL
432,Neurologists,"267,660",0,NULL
433,"Hosts and Hostesses, Restaurant, Lounge, and Coffee Shop","26,000",0,NULL
434,"Interpreters and Translators","58,400",0,NULL
435,"Law Enforcement Workers","66,370",0,NULL
436,"Hosts and Hostesses, Restaurant, Lounge, and Coffee Shop","26,000",0,NULL
437,"Bailiffs, Correctional Officers, and Jailers","53,380",0,NULL
438,"Court Reporters and Simultaneous Captioners","65,240",0,NULL
439,"Miscellaneous Food Preparation and Serving Related Workers","28,760",0,NULL
440,"Media and Communication Workers, All Other","59,400",0,NULL
441,Bailiffs,"52,340",0,NULL
442,"Obstetricians and Gynecologists","296,210",0,NULL
443,"Food Preparation and Serving Related Workers, All Other","28,760",0,NULL
444,"Pediatricians, General","198,420",0,NULL
445,"Building and Grounds Cleaning and Maintenance Occupations","33,750",0,NULL
446,"Correctional Officers and Jailers","53,420",0,NULL
447,"Detectives and Criminal Investigators","90,370",0,NULL
448,"Supervisors of Building and Grounds Cleaning and Maintenance Workers","48,620",0,NULL
449,"Ophthalmologists, Except Pediatric","270,090",0,NULL
450,"Pesticide Handlers, Sprayers, and Applicators, Vegetation","40,500",0,NULL
451,"First-Line Supervisors of Building and Grounds Cleaning and Maintenance Workers","48,620",0,NULL
452,"Animal Control Workers","42,620",0,NULL
453,"Lighting Technicians","58,020",0,NULL
454,"First-Line Supervisors of Housekeeping and Janitorial Workers","45,100",0,NULL
455,"Orthopedic Surgeons, Except Pediatric","306,220",0,NULL
456,"Pediatric Surgeons","290,310",0,NULL
457,"First-Line Supervisors of Landscaping, Lawn Service, and Groundskeeping Workers","53,270",0,NULL
458,"Tree Trimmers and Pruners","47,450",0,NULL
459,"Building Cleaning and Pest Control Workers","31,590",0,NULL
460,"Licensed Practical and Licensed Vocational Nurses","51,850",0,NULL
461,"Building Cleaning Workers","31,310",0,NULL
462,Photographers,"48,210",0,NULL
463,"Janitors and Cleaners, Except Maids and Housekeeping Cleaners","31,860",0,NULL
464,"Surgeons, All Other","297,800",0,NULL
465,"Grounds Maintenance Workers, All Other","39,120",0,NULL
466,"Detectives and Criminal Investigators","90,370",0,NULL
467,"Animal Control Workers","42,620",0,NULL
468,"Maids and Housekeeping Cleaners","29,580",0,NULL
469,"Miscellaneous Healthcare Diagnosing or Treating Practitioners","84,550",0,NULL
470,"Personal Care and Service Occupations","33,620",0,NULL
471,"Fish and Game Wardens","58,190",0,NULL
472,"Building Cleaning Workers, All Other","38,530",0,NULL
473,Photographers,"48,210",0,NULL
474,"Television, Video, and Film Camera Operators and Editors","70,020",0,NULL
475,"Fish and Game Wardens","58,190",0,NULL
476,"Camera Operators, Television, Video, and Film","61,740",0,NULL
477,"Pest Control Workers","40,640",0,NULL
478,Acupuncturists,"71,770",0,NULL
479,"Dental Hygienists","81,360",0,NULL
480,"Parking Enforcement Workers","46,050",0,NULL
481,"Healthcare Diagnosing or Treating Practitioners, All Other","113,230",0,NULL
482,"Health Technologists and Technicians","50,300",0,NULL
483,"Pest Control Workers","40,640",0,NULL
484,Phlebotomists,"38,450",0,NULL
485,"Parking Enforcement Workers","46,050",0,NULL
486,"Healthcare Support Workers, All Other","40,690",0,NULL
487,"Grounds Maintenance Workers","35,960",0,NULL
488,"Protective Service Occupations","53,420",0,NULL
489,"Licensed Practical and Licensed Vocational Nurses","51,850",0,NULL
490,"Police Officers","70,740",0,NULL
491,"Supervisors of Protective Service Workers","81,010",0,NULL
492,"Police and Sheriff's Patrol Officers","70,750",0,NULL
493,"Supervisors of Personal Care and Service Workers","46,950",0,NULL
494,"Transit and Railroad Police","69,570",0,NULL
495,"First-Line Supervisors of Law Enforcement Workers","90,110",0,NULL
496,"Grounds Maintenance Workers","35,960",0,NULL
497,"Medical Records Specialists","48,310",0,NULL
498,"First-Line Supervisors of Entertainment and Recreation Workers","48,370",0,NULL
499,"Landscaping and Groundskeeping Workers","35,240",0,NULL
500,"Medical Records Specialists","48,310",0,NULL
501,Radiologists,"301,720",0,NULL
502,"First-Line Supervisors of Gambling Services Workers","52,590",0,NULL
503,"Opticians, Dispensing","43,060",0,NULL
504,"Audio and Video Technicians","55,310",0,NULL
505,"First-Line Supervisors of Entertainment and Recreation Workers, Except Gambling Services","47,130",0,NULL
506,"Physicians, All Other","231,500",0,NULL
507,"Broadcast Technicians","51,280",0,NULL
508,"Opticians, Dispensing","43,060",0,NULL
509,"First-Line Supervisors of Personal Service Workers","45,730",0,NULL
510,"Miscellaneous Health Technologists and Technicians","51,910",0,NULL
511,"First-Line Supervisors of Personal Service Workers","45,730",0,NULL
512,Bartenders,"30,340",0,NULL
513,"Orthotists and Prosthetists","79,820",0,NULL
514,Surgeons,"294,520",0,NULL
515,"First-Line Supervisors of Correctional Officers","69,750",0,NULL
516,"Other Protective Service Workers","36,280",0,NULL
517,"Sound Engineering Technicians","67,360",0,NULL
518,"Entertainment Attendants and Related Workers","27,170",0,NULL
519,"Miscellaneous Health Practitioners and Technical Workers","61,490",0,NULL
520,"Gambling Services Workers","29,340",0,NULL
521,"Private Detectives and Investigators","60,970",0,NULL
522,"Athletic Trainers","54,650",0,NULL
523,"Animal Care and Service Workers","30,100",0,NULL
524,"Miscellaneous Protective Service Workers","35,450",0,NULL
525,"First-Line Supervisors of Police and Detectives","98,760",0,NULL
526,"Gambling Dealers","28,960",0,NULL
527,"Fast Food and Counter Workers","26,060",0,NULL
528,"Crossing Guards and Flaggers","35,670",0,NULL
529,"Hearing Aid Specialists","59,960",0,NULL
530,"Genetic Counselors","86,640",0,NULL
531,"Surgical Assistants","59,170",0,NULL
532,"First-Line Supervisors of Firefighting and Prevention Workers","83,270",0,NULL
533,"Gambling and Sports Book Writers and Runners","29,110",0,NULL
534,"Private Detectives and Investigators","60,970",0,NULL
535,"Lifeguards, Ski Patrol, and Other Recreational Protective Service Workers","27,320",0,NULL
536,"Healthcare Practitioners and Technical Workers, All Other","64,880",0,NULL
537,"Animal Trainers","38,230",0,NULL
538,"Gambling Service Workers, All Other","31,790",0,NULL
539,"Fast Food and Counter Workers","26,060",0,NULL
540,"Transportation Security Screeners","46,380",0,NULL
541,"Health Technologists and Technicians, All Other","49,230",0,NULL
542,"Healthcare Support Occupations","33,330",0,NULL
543,"Motion Picture Projectionists","32,970",0,NULL
544,"Animal Trainers","38,230",0,NULL
545,"Home Health and Personal Care Aides; and Nursing Assistants, Orderlies, and Psychiatric Aides","30,440",0,NULL
546,"School Bus Monitors","30,220",0,NULL
547,"Other Healthcare Practitioners and Technical Occupations","61,470",0,NULL
548,"Motion Picture Projectionists","32,970",0,NULL
549,"First-Line Supervisors of Food Preparation and Serving Workers","39,150",0,NULL
550,"Ushers, Lobby Attendants, and Ticket Takers","26,390",0,NULL
551,"Security Guards and Gambling Surveillance Officers","35,860",0,NULL
552,"Protective Service Workers, All Other","42,160",0,NULL
553,"Animal Caretakers","29,520",0,NULL
554,"Food Preparation and Serving Related Occupations","29,450",0,NULL
555,"Home Health and Personal Care Aides","29,260",0,NULL
556,"Cooks and Food Preparation Workers","29,380",0,NULL
557,"Home Health and Personal Care Aides","29,260",0,NULL
558,"Health Information Technologists and Medical Registrars","61,410",0,NULL
559,"Ushers, Lobby Attendants, and Ticket Takers","26,390",0,NULL
560,"Supervisors of Food Preparation and Serving Workers","41,130",0,NULL
561,"Gambling Surveillance Officers and Gambling Investigators","38,080",0,NULL
562,"Nursing Assistants, Orderlies, and Psychiatric Aides","33,290",0,NULL
563,"Animal Caretakers","29,520",0,NULL
564,"Miscellaneous Entertainment Attendants and Related Workers","26,650",0,NULL
565,"Health Information Technologists and Medical Registrars","61,410",0,NULL
566,"Supervisors of Food Preparation and Serving Workers","41,130",0,NULL
567,"Nursing Assistants","33,250",0,NULL
568,"Security Guards","35,830",0,NULL
569,"Amusement and Recreation Attendants","26,110",0,NULL
570,Orderlies,"33,440",0,NULL
571,"Chefs and Head Cooks","56,920",0,NULL
572,"Morticians, Undertakers, and Funeral Arrangers","56,360",0,NULL
573,"Costume Attendants","54,590",0,NULL
574,"Communications Equipment Operators","35,310",0,NULL
575,"Entertainment Attendants and Related Workers, All Other","29,680",0,NULL
576,"Food Preparation Workers","28,810",0,NULL
577,"Locker Room, Coatroom, and Dressing Room Attendants","30,220",0,NULL
578,"Physical Therapist Assistants and Aides","51,280",0,NULL
579,"Funeral Service Workers","42,800",0,NULL
580,Cashiers,"26,780",0,NULL
581,Cooks,"29,560",0,NULL
582,"Morticians, Undertakers, and Funeral Arrangers","56,360",0,NULL
583,"Switchboard Operators, Including Answering Service","34,590",0,NULL
584,"Cooks, Fast Food","25,490",0,NULL
585,"Physical Therapist Assistants","60,740",0,NULL
586,"Cooks, Institution and Cafeteria","31,520",0,NULL
587,"Personal Appearance Workers","35,350",0,NULL
588,Cashiers,"26,770",0,NULL
589,"Door-to-Door Sales Workers, News and Street Vendors, and Related Workers","34,970",0,NULL
590,"Barbers, Hairdressers, Hairstylists and Cosmetologists","35,980",0,NULL
591,"Embalmers and Crematory Operators","47,350",0,NULL
592,"Switchboard Operators, Including Answering Service","34,590",0,NULL
593,"Supervisors of Sales Workers","54,880",0,NULL
594,Barbers,"35,700",0,NULL
595,"Gambling Change Persons and Booth Cashiers","29,130",0,NULL
596,"Cooks, Private Household","43,260",0,NULL
597,"Hairdressers, Hairstylists, and Cosmetologists","35,990",0,NULL
598,"Sales and Related Workers, All Other","38,840",0,NULL
599,"Physical Therapist Aides","30,370",0,NULL
600,"Telephone Operators","39,370",0,NULL
601,"First-Line Supervisors of Sales Workers","54,880",0,NULL
602,"Miscellaneous Personal Appearance Workers","34,310",0,NULL
603,Embalmers,"51,210",0,NULL
604,"Counter and Rental Clerks and Parts Salespersons","36,480",0,NULL
605,"Office and Administrative Support Occupations","43,430",0,NULL
606,"Telephone Operators","39,370",0,NULL
607,"Cooks, Restaurant","31,630",0,NULL
608,"Makeup Artists, Theatrical and Performance","124,380",0,NULL
609,"Other Healthcare Support Occupations","39,360",0,NULL
610,"Occupational Therapy Assistants","63,560",0,NULL
611,"Manicurists and Pedicurists","30,480",0,NULL
612,"Counter and Rental Clerks","36,170",0,NULL
613,"First-Line Supervisors of Retail Sales Workers","46,890",0,NULL
614,Shampooers,"25,160",0,NULL
615,"Crematory Operators","39,660",0,NULL
616,"Miscellaneous Communications Equipment Operators","49,470",0,NULL
617,"Supervisors of Office and Administrative Support Workers","63,380",0,NULL
618,"Food Preparation Workers","28,810",0,NULL
619,"Massage Therapists","49,260",0,NULL
620,"Skincare Specialists","41,700",0,NULL
621,"Parts Salespersons","36,920",0,NULL
622,"Communications Equipment Operators, All Other","49,470",0,NULL
623,"Food and Beverage Serving Workers","27,520",0,NULL
624,"Baggage Porters, Bellhops, and Concierges","34,680",0,NULL
625,"Funeral Attendants","31,630",0,NULL
626,"Retail Salespersons","31,920",0,NULL
627,"Occupational Therapy Aides","39,230",0,NULL
628,"Cooks, Short Order","28,110",0,NULL
629,"First-Line Supervisors of Non-Retail Sales Workers","92,320",0,NULL
630,"First-Line Supervisors of Office and Administrative Support Workers","63,380",0,NULL
631,"Funeral Attendants","31,630",0,NULL
632,"Baggage Porters, Bellhops, and Concierges","34,680",0,NULL
633,"First-Line Supervisors of Office and Administrative Support Workers","63,380",0,NULL
634,"Financial Clerks","43,340",0,NULL
635,"Cooks, All Other","33,390",0,NULL
636,Bartenders,"30,340",0,NULL
637,"Retail Sales Workers","30,060",0,NULL
638,"Massage Therapists","49,260",0,NULL
639,"Baggage Porters and Bellhops","30,040",0,NULL
640,"Exercise Trainers and Group Fitness Instructors","45,870",0,NULL
641,"Bill and Account Collectors","41,280",0,NULL
642,"Real Estate Brokers","86,490",0,NULL
643,Concierges,"37,520",0,NULL
644,"Psychiatric Aides","34,640",0,NULL
645,"Recreation Workers","32,020",0,NULL
646,"Retail Salespersons","31,920",0,NULL
647,"Real Estate Sales Agents","61,480",0,NULL
648,"Tour and Travel Guides","33,200",0,NULL
649,"Sales Engineers","118,630",0,NULL
650,"Bill and Account Collectors","41,280",0,NULL
651,"Residential Advisors","34,950",0,NULL
652,"Occupational Therapy and Physical Therapist Assistants and Aides","53,900",0,NULL
653,"Tour and Travel Guides","33,200",0,NULL
654,"Sales Engineers","118,630",0,NULL
655,"Sales Representatives, Services","74,770",0,NULL
656,"Residential Advisors","34,950",0,NULL
657,"Occupational Therapy Assistants and Aides","61,760",0,NULL
658,"Other Sales and Related Workers","53,580",0,NULL
659,"Miscellaneous Healthcare Support Occupations","38,860",0,NULL
660,Telemarketers,"30,670",0,NULL
661,"Tour and Travel Guides","33,200",0,NULL
662,"Miscellaneous Personal Care and Service Workers","30,790",0,NULL
663,Telemarketers,"30,670",0,NULL
664,"Billing and Posting Clerks","42,750",0,NULL
665,"Personal Care and Service Workers, All Other","30,790",0,NULL
666,"Advertising Sales Agents","66,540",0,NULL
667,"Miscellaneous Sales and Related Workers","38,720",0,NULL
668,"Sales and Related Occupations","46,080",0,NULL
669,"Models, Demonstrators, and Product Promoters","39,550",0,NULL
670,"Medical Equipment Preparers","42,420",0,NULL
671,"Dental Assistants","42,510",0,NULL
672,"Gambling Cage Workers","30,770",0,NULL
673,"Other Personal Care and Service Workers","33,260",0,NULL
674,"Medical Transcriptionists","34,220",0,NULL
675,"Gambling Cage Workers","30,770",0,NULL
676,"Billing and Posting Clerks","42,750",0,NULL
677,"Pharmacy Aides","34,560",0,NULL
678,"Medical Assistants","38,190",0,NULL
679,"Advertising Sales Agents","66,540",0,NULL
680,Tellers,"34,930",0,NULL
681,"Demonstrators and Product Promoters","36,990",0,NULL
682,"Insurance Sales Agents","69,340",0,NULL
683,"Childcare Workers","27,680",0,NULL
684,"Miscellaneous Sales Representatives, Services","71,110",0,NULL
685,"Bookkeeping, Accounting, and Auditing Clerks","45,140",0,NULL
686,"Veterinary Assistants and Laboratory Animal Caretakers","31,780",0,NULL
687,"Loan Interviewers and Clerks","44,910",0,NULL
688,"Payroll and Timekeeping Clerks","49,560",0,NULL
689,"Sales Representatives of Services, Except Advertising, Insurance, Financial Services, and Travel","71,110",0,NULL
690,"Insurance Sales Agents","69,340",0,NULL
691,Tellers,"34,930",0,NULL
692,"Payroll and Timekeeping Clerks","49,560",0,NULL
693,Models,*,0,NULL
694,"Loan Interviewers and Clerks","44,910",0,NULL
695,"Bookkeeping, Accounting, and Auditing Clerks","45,140",0,NULL
696,"Securities, Commodities, and Financial Services Sales Agents","93,260",0,NULL
697,"Childcare Workers","27,680",0,NULL
698,"Miscellaneous Financial Clerks","47,830",0,NULL
699,"Real Estate Brokers and Sales Agents","66,880",0,NULL
700,"Recreation and Fitness Workers","38,340",0,NULL
701,"Securities, Commodities, and Financial Services Sales Agents","93,260",0,NULL
702,"New Accounts Clerks","41,250",0,NULL
703,"Financial Clerks, All Other","47,830",0,NULL
704,"Log Graders and Scalers","41,520",0,NULL
705,"Procurement Clerks","44,930",0,NULL
706,"Human Resources Assistants, Except Payroll and Timekeeping","44,840",0,NULL
707,"Travel Agents","46,580",0,NULL
708,"Hotel, Motel, and Resort Desk Clerks","28,040",0,NULL
709,"New Accounts Clerks","41,250",0,NULL
710,"Correspondence Clerks","41,710",0,NULL
711,"Procurement Clerks","44,930",0,NULL
712,"Meter Readers, Utilities","47,430",0,NULL
713,"Information and Record Clerks","38,670",0,NULL
714,"Receptionists and Information Clerks","32,910",0,NULL
715,"Logging Workers, All Other","45,430",0,NULL
716,"Travel Agents","46,580",0,NULL
717,"Postal Service Workers","53,480",0,NULL
718,"Sales Representatives, Wholesale and Manufacturing","77,750",0,NULL
719,"Court, Municipal, and License Clerks","44,870",0,NULL
720,"Construction and Extraction Occupations","55,900",0,NULL
721,"Supervisors of Farming, Fishing, and Forestry Workers","54,450",0,NULL
722,"Interviewers, Except Eligibility and Loan","38,840",0,NULL
723,"Postal Service Clerks","53,210",0,NULL
724,"Receptionists and Information Clerks","32,910",0,NULL
725,"Supervisors of Construction and Extraction Workers","75,060",0,NULL
726,"Court, Municipal, and License Clerks","44,870",0,NULL
727,"Brokerage Clerks","57,710",0,NULL
728,"Interviewers, Except Eligibility and Loan","38,840",0,NULL
729,"Order Clerks","41,820",0,NULL
730,"Postal Service Mail Carriers","54,370",0,NULL
731,"First-Line Supervisors of Farming, Fishing, and Forestry Workers","54,450",0,NULL
732,"Sales Representatives, Wholesale and Manufacturing","77,750",0,NULL
733,"First-Line Supervisors of Construction Trades and Extraction Workers","75,060",0,NULL
734,"File Clerks","36,820",0,NULL
735,"Reservation and Transportation Ticket Agents and Travel Clerks","45,630",0,NULL
736,"Order Clerks","41,820",0,NULL
737,"Postal Service Mail Sorters, Processors, and Processing Machine Operators","51,010",0,NULL
738,"Library Assistants, Clerical","32,490",0,NULL
739,"Logging Workers","45,000",0,NULL
740,"First-Line Supervisors of Farming, Fishing, and Forestry Workers","54,450",0,NULL
741,"Sales Representatives, Wholesale and Manufacturing, Technical and Scientific Products","102,750",0,NULL
742,"First-Line Supervisors of Construction Trades and Extraction Workers","75,060",0,NULL
743,"Dispatchers, Except Police, Fire, and Ambulance","46,650",0,NULL
744,"Reservation and Transportation Ticket Agents and Travel Clerks","45,630",0,NULL
745,"Production, Planning, and Expediting Clerks","52,220",0,NULL
746,Fallers,"53,760",0,NULL
747,"Credit Authorizers, Checkers, and Clerks","44,540",0,NULL
748,"Brokerage Clerks","57,710",0,NULL
749,"Construction Trades Workers","54,140",0,NULL
750,"Library Assistants, Clerical","32,490",0,NULL
751,"File Clerks","36,820",0,NULL
752,"Agricultural Workers","32,450",0,NULL
753,"Human Resources Assistants, Except Payroll and Timekeeping","44,840",0,NULL
754,"Production, Planning, and Expediting Clerks","52,220",0,NULL
755,"Meter Readers, Utilities","47,430",0,NULL
756,Boilermakers,"69,070",0,NULL
757,Boilermakers,"69,070",0,NULL
758,"Sales Representatives, Wholesale and Manufacturing, Except Technical and Scientific Products","72,390",0,NULL
759,"Logging Equipment Operators","43,960",0,NULL
760,"Miscellaneous Information and Record Clerks","43,950",0,NULL
761,"Brickmasons, Blockmasons, and Stonemasons","59,870",0,NULL
762,"Hotel, Motel, and Resort Desk Clerks","28,040",0,NULL
763,"Correspondence Clerks","41,710",0,NULL
764,Pipelayers,"48,510",0,NULL
765,"Credit Authorizers, Checkers, and Clerks","44,540",0,NULL
766,"Brickmasons and Blockmasons","61,430",0,NULL
767,"Cargo and Freight Agents","48,420",0,NULL
768,"Plumbers, Pipefitters, and Steamfitters","63,350",0,NULL
769,"Farmworkers, Farm, Ranch, and Aquacultural Animals","32,150",0,NULL
770,Stonemasons,"50,170",0,NULL
771,"Couriers and Messengers","34,270",0,NULL
772,"Agricultural Workers, All Other","37,190",0,NULL
773,"Agricultural Inspectors","47,430",0,NULL
774,"Couriers and Messengers","34,270",0,NULL
775,"Information and Record Clerks, All Other","43,950",0,NULL
776,"Forest, Conservation, and Logging Workers","43,320",0,NULL
777,"Plasterers and Stucco Masons","54,810",0,NULL
778,Dispatchers,"46,780",0,NULL
779,Carpenters,"55,190",0,NULL
780,"Forest and Conservation Workers","33,690",0,NULL
781,"Eligibility Interviewers, Government Programs","48,570",0,NULL
782,"Agricultural Inspectors","47,430",0,NULL
783,"Forest and Conservation Workers","33,690",0,NULL
784,"Customer Service Representatives","39,070",0,NULL
785,"Public Safety Telecommunicators","47,030",0,NULL
786,"Plasterers and Stucco Masons","54,810",0,NULL
787,"Material Recording, Scheduling, Dispatching, and Distributing Workers","45,710",0,NULL
788,"Reinforcing Iron and Rebar Workers","58,960",0,NULL
789,"Animal Breeders","43,270",0,NULL
790,"Reinforcing Iron and Rebar Workers","58,960",0,NULL
791,"Customer Service Representatives","39,070",0,NULL
792,"Shipping, Receiving, and Inventory Clerks","38,210",0,NULL
793,"Helpers--Painters, Paperhangers, Plasterers, and Stucco Masons","35,270",0,NULL
794,"Animal Breeders","43,270",0,NULL
795,"Weighers, Measurers, Checkers, and Samplers, Recordkeeping","39,540",0,NULL
796,Legislators,"57,110",0,NULL
797,"Helpers--Pipelayers, Plumbers, Pipefitters, and Steamfitters","36,350",0,NULL
798,"Business and Financial Operations Occupations","82,610",0,NULL
799,"Weighers, Measurers, Checkers, and Samplers, Recordkeeping","39,540",0,NULL
800,"Computer Network Support Specialists","71,350",0,NULL
801,Helpers--Roofers,"36,000",0,NULL
802,"Helpers, Construction Trades, All Other","37,610",0,NULL
803,"Other Construction and Related Workers","54,670",0,NULL
804,"Construction and Building Inspectors","68,480",0,NULL
805,"Secretaries and Administrative Assistants","45,250",0,NULL
806,"Construction and Building Inspectors","68,480",0,NULL
807,"Secretaries and Administrative Assistants","45,250",0,NULL
808,Carpenters,"55,190",0,NULL
809,"Cargo and Freight Agents","48,420",0,NULL
810,"Elevator and Escalator Installers and Repairers","91,320",0,NULL
811,"Business Operations Specialists","80,380",0,NULL
812,Roofers,"48,890",0,NULL
813,"Executive Secretaries and Executive Administrative Assistants","66,870",0,NULL
814,"Eligibility Interviewers, Government Programs","48,570",0,NULL
815,"Carpet, Floor, and Tile Installers and Finishers","51,890",0,NULL
816,"Graders and Sorters, Agricultural Products","30,400",0,NULL
817,"Construction Laborers","44,130",0,NULL
818,"Graders and Sorters, Agricultural Products","30,400",0,NULL
819,Roofers,"48,890",0,NULL
820,"Miscellaneous Agricultural Workers","31,980",0,NULL
821,"Elevator and Escalator Installers and Repairers","91,320",0,NULL
822,"Agricultural Equipment Operators","36,280",0,NULL
823,"Sheet Metal Workers","58,760",0,NULL
824,"Farmworkers and Laborers, Crop, Nursery, and Greenhouse","31,440",0,NULL
825,"Construction Equipment Operators","55,890",0,NULL
826,"Legal Secretaries and Administrative Assistants","52,540",0,NULL
827,"Fence Erectors","41,140",0,NULL
828,"Structural Iron and Steel Workers","61,270",0,NULL
829,"Medical Secretaries and Administrative Assistants","39,740",0,NULL
830,"Solar Photovoltaic Installers","50,710",0,NULL
831,"Tile and Stone Setters","53,330",0,NULL
832,"Solar Photovoltaic Installers","50,710",0,NULL
833,"Cement Masons, Concrete Finishers, and Terrazzo Workers","51,000",0,NULL
834,"Helpers, Construction Trades","37,340",0,NULL
835,"Desktop Publishers","50,930",0,NULL
836,"Property, Real Estate, and Community Association Managers","70,030",0,NULL
837,"Fence Erectors","41,140",0,NULL
838,Tapers,"65,140",0,NULL
839,"Management Occupations","123,370",0,NULL
840,"Carpet Installers","48,710",0,NULL
841,"Insurance Claims and Policy Processing Clerks","45,790",0,NULL
842,"Sheet Metal Workers","58,760",0,NULL
843,"Paving, Surfacing, and Tamping Equipment Operators","50,590",0,NULL
844,Electricians,"63,310",0,NULL
845,"Septic Tank Servicers and Sewer Pipe Cleaners","45,390",0,NULL
846,"Hazardous Materials Removal Workers","49,280",0,NULL
847,"Insurance Claims and Policy Processing Clerks","45,790",0,NULL
848,"Secretaries and Administrative Assistants, Except Legal, Medical, and Executive","41,080",0,NULL
849,Electricians,"63,310",0,NULL
850,"Septic Tank Servicers and Sewer Pipe Cleaners","45,390",0,NULL
851,"Floor Layers, Except Carpet, Wood, and Hard Tiles","53,880",0,NULL
852,"Mail Clerks and Mail Machine Operators, Except Postal Service","34,390",0,NULL
853,"Pile Driver Operators","75,950",0,NULL
854,Glaziers,"51,950",0,NULL
855,"Other Office and Administrative Support Workers","39,480",0,NULL
856,Glaziers,"51,950",0,NULL
857,"Mail Clerks and Mail Machine Operators, Except Postal Service","34,390",0,NULL
858,"Hazardous Materials Removal Workers","49,280",0,NULL
859,"Office Clerks, General","38,990",0,NULL
860,"Operating Engineers and Other Construction Equipment Operators","56,280",0,NULL
861,"Insulation Workers","50,300",0,NULL
862,"Insulation Workers, Floor, Ceiling, and Wall","44,810",0,NULL
863,"Data Entry and Information Processing Workers","37,590",0,NULL
864,"Miscellaneous Construction and Related Workers","45,370",0,NULL
865,"Highway Maintenance Workers","44,340",0,NULL
866,"Office Clerks, General","38,990",0,NULL
867,"Structural Iron and Steel Workers","61,270",0,NULL
868,"Insulation Workers, Mechanical","56,260",0,NULL
869,"Helpers, Construction Trades","37,340",0,NULL
870,"Data Entry Keyers","35,940",0,NULL
871,"Office Machine Operators, Except Computer","37,110",0,NULL
872,"Drywall Installers, Ceiling Tile Installers, and Tapers","56,160",0,NULL
873,"Office Machine Operators, Except Computer","37,110",0,NULL
874,"Miscellaneous Construction and Related Workers","45,370",0,NULL
875,"Highway Maintenance Workers","44,340",0,NULL
876,"Cement Masons and Concrete Finishers","50,900",0,NULL
877,"Word Processors and Typists","43,370",0,NULL
878,"Extraction Workers","51,900",0,NULL
879,"Drywall and Ceiling Tile Installers","54,810",0,NULL
880,"Helpers--Brickmasons, Blockmasons, Stonemasons, and Tile and Marble Setters","43,370",0,NULL
881,"Rail-Track Laying and Maintenance Equipment Operators","60,770",0,NULL
882,"Painters and Paperhangers","47,180",0,NULL
883,"Desktop Publishers","50,930",0,NULL
884,"Terrazzo Workers and Finishers","58,380",0,NULL
885,"Floor Sanders and Finishers","44,380",0,NULL
886,"Shipping, Receiving, and Inventory Clerks","38,210",0,NULL
887,"Rail-Track Laying and Maintenance Equipment Operators","60,770",0,NULL
888,Helpers--Carpenters,"37,340",0,NULL
889,"Painters, Construction and Maintenance","47,140",0,NULL
890,"First-Line Supervisors of Mechanics, Installers, and Repairers","73,590",0,NULL
891,"Construction Laborers","44,130",0,NULL
892,"Helpers--Extraction Workers","40,860",0,NULL
893,"Proofreaders and Copy Markers","46,010",0,NULL
894,"Electrical and Electronic Equipment Mechanics, Installers, and Repairers","57,260",0,NULL
895,"Derrick, Rotary Drill, and Service Unit Operators, Oil and Gas","56,460",0,NULL
896,"Automotive Glass Installers and Repairers","40,690",0,NULL
897,"Computer, Automated Teller, and Office Machine Repairers","44,170",0,NULL
898,Helpers--Electricians,"36,720",0,NULL
899,"Locksmiths and Safe Repairers","47,810",0,NULL
900,"Proofreaders and Copy Markers","46,010",0,NULL
901,"Excavating and Loading Machine and Dragline Operators, Surface Mining","49,850",0,NULL
902,"Derrick Operators, Oil and Gas","52,140",0,NULL
903,"Office and Administrative Support Workers, All Other","42,580",0,NULL
904,"Automotive Service Technicians and Mechanics","47,990",0,NULL
905,Paperhangers,"51,560",0,NULL
906,"Computer, Automated Teller, and Office Machine Repairers","44,170",0,NULL
907,"Statistical Assistants","53,420",0,NULL
908,"Manufactured Building and Mobile Home Installers","35,830",0,NULL
909,"Pipelayers, Plumbers, Pipefitters, and Steamfitters","62,250",0,NULL
910,"Earth Drillers, Except Oil and Gas","53,600",0,NULL
911,"Rotary Drill Operators, Oil and Gas","61,840",0,NULL
912,"Miscellaneous Extraction Workers","50,960",0,NULL
913,"Farming, Fishing, and Forestry Occupations","34,730",0,NULL
914,"Bus and Truck Mechanics and Diesel Engine Specialists","53,020",0,NULL
915,"Radio and Telecommunications Equipment Installers and Repairers","60,510",0,NULL
916,Riggers,"52,100",0,NULL
917,"Explosives Workers, Ordnance Handling Experts, and Blasters","57,070",0,NULL
918,"Bus and Truck Mechanics and Diesel Engine Specialists","53,020",0,NULL
919,"Radio, Cellular, and Tower Equipment Installers and Repairers","62,500",0,NULL
920,"Statistical Assistants","53,420",0,NULL
921,"Signal and Track Switch Repairers","74,220",0,NULL
922,"Roustabouts, Oil and Gas","44,730",0,NULL
923,"Telecommunications Equipment Installers and Repairers, Except Line Installers","60,350",0,NULL
924,"Heavy Vehicle and Mobile Equipment Service Technicians and Mechanics","55,900",0,NULL
925,"Service Unit Operators, Oil and Gas","55,660",0,NULL
926,"Explosives Workers, Ordnance Handling Experts, and Blasters","57,070",0,NULL
927,"Coin, Vending, and Amusement Machine Servicers and Repairers","42,010",0,NULL
928,"Helpers--Installation, Maintenance, and Repair Workers","35,090",0,NULL
929,"Miscellaneous Office and Administrative Support Workers","42,580",0,NULL
930,"Miscellaneous Electrical and Electronic Equipment Mechanics, Installers, and Repairers","59,590",0,NULL
931,"Automotive Technicians and Repairers","48,310",0,NULL
932,"Milling and Planing Machine Setters, Operators, and Tenders, Metal and Plastic","47,100",0,NULL
933,"Underground Mining Machine Operators","57,920",0,NULL
934,"Surface Mining Machine Operators and Earth Drillers","51,000",0,NULL
935,"Farm Equipment Mechanics and Service Technicians","47,250",0,NULL
936,"Helpers--Extraction Workers","40,860",0,NULL
937,"Installation, Maintenance, and Repair Workers, All Other","45,380",0,NULL
938,"Mobile Heavy Equipment Mechanics, Except Engines","57,280",0,NULL
939,"Extraction Workers, All Other","50,960",0,NULL
940,Machinists,"49,020",0,NULL
941,"Installation, Maintenance, and Repair Occupations","53,380",0,NULL
942,"Rail Car Repairers","60,400",0,NULL
943,"Commercial Divers","82,010",0,NULL
944,"Production Occupations","43,070",0,NULL
945,"Supervisors of Installation, Maintenance, and Repair Workers","73,590",0,NULL
946,"Automotive Body and Related Repairers","50,660",0,NULL
947,"First-Line Supervisors of Mechanics, Installers, and Repairers","73,590",0,NULL
948,"Assemblers and Fabricators","39,000",0,NULL
949,Machinists,"49,020",0,NULL
950,"Maintenance and Repair Workers, General","44,920",0,NULL
951,"Supervisors of Production Workers","67,330",0,NULL
952,"Model Makers, Metal and Plastic","59,080",0,NULL
953,"Metal Furnace Operators, Tenders, Pourers, and Casters","45,990",0,NULL
954,"Audiovisual Equipment Installers and Repairers","46,120",0,NULL
955,"Small Engine Mechanics","42,690",0,NULL
956,"Rock Splitters, Quarry","41,630",0,NULL
957,"Aircraft Structure, Surfaces, Rigging, and Systems Assemblers","55,380",0,NULL
958,"First-Line Supervisors of Production and Operating Workers","67,330",0,NULL
959,"Outdoor Power Equipment and Other Small Engine Mechanics","40,360",0,NULL
960,"Maintenance and Repair Workers, General","44,920",0,NULL
961,"Metal-Refining Furnace Operators and Tenders","46,440",0,NULL
962,"Security and Fire Alarm Systems Installers","52,170",0,NULL
963,"Avionics Technicians","69,860",0,NULL
964,"Patternmakers, Metal and Plastic","49,840",0,NULL
965,"Wind Turbine Service Technicians","58,580",0,NULL
966,"Electric Motor, Power Tool, and Related Repairers","48,740",0,NULL
967,"Aircraft Structure, Surfaces, Rigging, and Systems Assemblers","55,380",0,NULL
968,"Motorboat Mechanics and Service Technicians","46,660",0,NULL
969,"Miscellaneous Vehicle and Mobile Equipment Mechanics, Installers, and Repairers","34,340",0,NULL
970,"First-Line Supervisors of Production and Operating Workers","67,330",0,NULL
971,"Vehicle and Mobile Equipment Mechanics, Installers, and Repairers","50,400",0,NULL
972,"Rock Splitters, Quarry","41,630",0,NULL
973,"Medical Equipment Repairers","56,420",0,NULL
974,"Molders and Molding Machine Setters, Operators, and Tenders, Metal and Plastic","37,720",0,NULL
975,"Continuous Mining Machine Operators","57,430",0,NULL
976,"Electrical, Electronics, and Electromechanical Assemblers","39,740",0,NULL
977,"Wind Turbine Service Technicians","58,580",0,NULL
978,"Pourers and Casters, Metal","44,910",0,NULL
979,"Foundry Mold and Coremakers","39,980",0,NULL
980,"Electrical and Electronics Installers and Repairers, Transportation Equipment","70,650",0,NULL
981,"Aircraft Mechanics and Service Technicians","69,470",0,NULL
982,"Roustabouts, Oil and Gas","44,730",0,NULL
983,"Roof Bolters, Mining","59,170",0,NULL
984,"Coil Winders, Tapers, and Finishers","42,460",0,NULL
985,"Musical Instrument Repairers and Tuners","39,740",0,NULL
986,"Electrical, Electronic, and Electromechanical Assemblers, Except Coil Winders, Tapers, and Finishers","39,630",0,NULL
987,"Electrical and Electronics Repairers, Commercial and Industrial Equipment","64,230",0,NULL
988,"Molding, Coremaking, and Casting Machine Setters, Operators, and Tenders, Metal and Plastic","37,530",0,NULL
989,"Engine and Other Machine Assemblers","48,110",0,NULL
990,"Watch and Clock Repairers","45,460",0,NULL
991,"Multiple Machine Tool Setters, Operators, and Tenders, Metal and Plastic","40,830",0,NULL
992,"Loading and Moving Machine Operators, Underground Mining","57,330",0,NULL
993,"Miscellaneous Installation, Maintenance, and Repair Workers","43,710",0,NULL
994,"Electrical and Electronics Repairers, Powerhouse, Substation, and Relay","87,640",0,NULL
995,"Engine and Other Machine Assemblers","48,110",0,NULL
996,"Aircraft Mechanics and Service Technicians","69,470",0,NULL
997,"Model Makers and Patternmakers, Metal and Plastic","55,740",0,NULL
998,"Multiple Machine Tool Setters, Operators, and Tenders, Metal and Plastic","40,830",0,NULL
999,"Precision Instrument and Equipment Repairers, All Other","59,070",0,NULL
1000,"Tool and Die Makers","56,150",0,NULL
1001,"Structural Metal Fabricators and Fitters","45,730",0,NULL
1002,"Motorcycle Mechanics","41,970",0,NULL
1003,"Recreational Vehicle Service Technicians","44,930",0,NULL
1004,"Electronic Equipment Installers and Repairers, Motor Vehicles","43,690",0,NULL
1005,"Structural Metal Fabricators and Fitters","45,730",0,NULL
1006,"Underground Mining Machine Operators, All Other","60,290",0,NULL
1007,"Fiberglass Laminators and Fabricators","40,360",0,NULL
1008,"Welding, Soldering, and Brazing Machine Setters, Operators, and Tenders","42,950",0,NULL
1009,"Home Appliance Repairers","45,340",0,NULL
1010,"Printing Press Operators","41,120",0,NULL
1011,"Print Binding and Finishing Workers","37,060",0,NULL
1012,"Home Appliance Repairers","45,340",0,NULL
1013,"Textile, Apparel, and Furnishings Workers","31,210",0,NULL
1014,"Food Processing Workers","33,830",0,NULL
1015,"Tire Repairers and Changers","32,520",0,NULL
1016,"Industrial Machinery Installation, Repair, and Maintenance Workers","58,350",0,NULL
1017,"Tool and Die Makers","56,150",0,NULL
1018,"Laundry and Dry-Cleaning Workers","27,830",0,NULL
1019,"Laundry and Dry-Cleaning Workers","27,830",0,NULL
1020,Bakers,"32,300",0,NULL
1021,"Fiberglass Laminators and Fabricators","40,360",0,NULL
1022,"Industrial Machinery Mechanics","58,780",0,NULL
1023,"Pressers, Textile, Garment, and Related Materials","28,110",0,NULL
1024,"Bicycle Repairers","34,360",0,NULL
1025,"Maintenance Workers, Machinery","53,570",0,NULL
1026,"Miscellaneous Metal Workers and Plastic Workers","40,940",0,NULL
1027,Bakers,"32,300",0,NULL
1028,Millwrights,"61,260",0,NULL
1029,"Butchers and Other Meat, Poultry, and Fish Processing Workers","33,360",0,NULL
1030,"Pressers, Textile, Garment, and Related Materials","28,110",0,NULL
1031,"Refractory Materials Repairers, Except Brickmasons","54,760",0,NULL
1032,"Sewing Machine Operators","30,880",0,NULL
1033,"Butchers and Meat Cutters","35,670",0,NULL
1034,"Line Installers and Repairers","71,500",0,NULL
1035,"Other Installation, Maintenance, and Repair Occupations","50,730",0,NULL
1036,"Meat, Poultry, and Fish Cutters and Trimmers","31,680",0,NULL
1037,"Welding, Soldering, and Brazing Workers","47,910",0,NULL
1038,"Sewing Machine Operators","30,880",0,NULL
1039,"Shoe and Leather Workers","32,950",0,NULL
1040,"Heat Treating Equipment Setters, Operators, and Tenders, Metal and Plastic","41,560",0,NULL
1041,"Electrical Power-Line Installers and Repairers","79,060",0,NULL
1042,"Timing Device Assemblers and Adjusters","44,670",0,NULL
1043,"Tax Examiners and Collectors, and Revenue Agents","63,200",0,NULL
1044,"Control and Valve Installers and Repairers","59,860",0,NULL
1045,"Slaughterers and Meat Packers","32,010",0,NULL
1046,"Shoe and Leather Workers and Repairers","34,890",0,NULL
1047,"Layout Workers, Metal and Plastic","52,340",0,NULL
1048,"Telecommunications Line Installers and Repairers","62,250",0,NULL
1049,"Plating Machine Setters, Operators, and Tenders, Metal and Plastic","38,580",0,NULL
1050,"Timing Device Assemblers and Adjusters","44,670",0,NULL
1051,"Mechanical Door Repairers","45,520",0,NULL
1052,"Tool Grinders, Filers, and Sharpeners","43,660",0,NULL
1053,"Miscellaneous Assemblers and Fabricators","37,780",0,NULL
1054,"Control and Valve Installers and Repairers, Except Mechanical Door","67,310",0,NULL
1055,"Miscellaneous Food Processing Workers","35,630",0,NULL
1056,"Metal Workers and Plastic Workers, All Other","39,480",0,NULL
1057,"Tax Preparers","51,080",0,NULL
1058,"Top Executives","120,520",0,NULL
1059,"Printing Workers","40,660",0,NULL
1060,"Heating, Air Conditioning, and Refrigeration Mechanics and Installers","54,690",0,NULL
1061,"Social and Community Service Managers","76,790",0,NULL
1062,"Miscellaneous Financial Specialists","80,370",0,NULL
1063,"Miscellaneous Assemblers and Fabricators","37,780",0,NULL
1064,"Printing Workers","40,660",0,NULL
1065,"Computer User Support Specialists","57,650",0,NULL
1066,"Advertising, Marketing, Promotions, Public Relations, and Sales Managers","145,130",0,NULL
1067,"Heating, Air Conditioning, and Refrigeration Mechanics and Installers","54,690",0,NULL
1068,"Agents and Business Managers of Artists, Performers, and Athletes","116,410",0,NULL
1069,"Prepress Technicians and Workers","43,800",0,NULL
1070,"Database and Network Administrators and Architects","102,440",0,NULL
1071,"Advertising and Promotions Managers","142,860",0,NULL
1072,"Agents and Business Managers of Artists, Performers, and Athletes","116,410",0,NULL
1073,"Computer Network Architects","120,650",0,NULL
1074,"Advertising and Promotions Managers","142,860",0,NULL
1075,"Buyers and Purchasing Agents","72,540",0,NULL
1076,"Database Administrators","96,550",0,NULL
1077,"Marketing and Sales Managers","146,600",0,NULL
1078,"Extruding and Forming Machine Setters, Operators, and Tenders, Synthetic and Glass Fibers","40,600",0,NULL
1079,"Buyers and Purchasing Agents","72,540",0,NULL
1080,"Miscellaneous Woodworkers","36,080",0,NULL
1081,"Database Architects","121,840",0,NULL
1082,"Cutting, Punching, and Press Machine Setters, Operators, and Tenders, Metal and Plastic","40,000",0,NULL
1083,"Fabric and Apparel Patternmakers","64,070",0,NULL
1084,"Marketing Managers","153,440",0,NULL
1085,"Woodworkers, All Other","36,080",0,NULL
1086,"Claims Adjusters, Appraisers, Examiners, and Investigators","70,850",0,NULL
1087,"Plant and System Operators","66,210",0,NULL
1088,Upholsterers,"38,220",0,NULL
1089,"Sales Managers","142,390",0,NULL
1090,"Drilling and Boring Machine Tool Setters, Operators, and Tenders, Metal and Plastic","43,240",0,NULL
1091,"Claims Adjusters, Examiners, and Investigators","70,960",0,NULL
1092,"Power Plant Operators, Distributors, and Dispatchers","89,410",0,NULL
1093,"Public Relations and Fundraising Managers","132,800",0,NULL
1094,"Textile, Apparel, and Furnishings Workers, All Other","32,840",0,NULL
1095,"Grinding, Lapping, Polishing, and Buffing Machine Tool Setters, Operators, and Tenders, Metal and Plastic","40,030",0,NULL
1096,"Insurance Appraisers, Auto Damage","68,180",0,NULL
1097,"Computer Programmers","96,650",0,NULL
1098,"Nuclear Power Reactor Operators","111,220",0,NULL
1099,"Public Relations Managers","138,000",0,NULL
1100,"Welders, Cutters, Solderers, and Brazers","48,290",0,NULL
1101,"Facilities Managers","101,970",0,NULL
1102,Woodworkers,"37,520",0,NULL
1103,"Software Developers","120,990",0,NULL
1104,"Power Distributors and Dispatchers","95,520",0,NULL
1105,"Computer and Information Systems Managers","162,930",0,NULL
1106,"Power Plant Operators","83,740",0,NULL
1107,"Lathe and Turning Machine Tool Setters, Operators, and Tenders, Metal and Plastic","44,270",0,NULL
1108,"Cabinetmakers and Bench Carpenters","40,070",0,NULL
1109,"Software Quality Assurance Analysts and Testers","97,710",0,NULL
1110,"Stationary Engineers and Boiler Operators","70,510",0,NULL
1111,"Cabinetmakers and Bench Carpenters","40,070",0,NULL
1112,"Social and Community Service Managers","76,790",0,NULL
1113,"Compliance Officers","75,810",0,NULL
1114,"Stationary Engineers and Boiler Operators","70,510",0,NULL
1115,"Fundraising Managers","119,400",0,NULL
1116,"Computer and Information Systems Managers","162,930",0,NULL
1117,"Water and Wastewater Treatment Plant and System Operators","52,320",0,NULL
1118,"Web Developers","81,320",0,NULL
1119,"Compliance Officers","75,810",0,NULL
1120,"Furniture Finishers","37,310",0,NULL
1121,"Financial Managers","153,460",0,NULL
1122,"Molders, Shapers, and Casters, Except Metal and Plastic","39,020",0,NULL
1123,"Operations Specialties Managers","139,900",0,NULL
1124,"Web and Digital Interface Designers","95,460",0,NULL
1125,"Water and Wastewater Treatment Plant and System Operators","52,320",0,NULL
1126,"Network and Computer Systems Administrators","91,250",0,NULL
1127,"Furniture Finishers","37,310",0,NULL
1128,"Financial Managers","153,460",0,NULL
1129,"Paper Goods Machine Setters, Operators, and Tenders","44,180",0,NULL
1130,"Administrative Services and Facilities Managers","109,590",0,NULL
1131,"Chief Executives","213,020",0,NULL
1132,"Miscellaneous Plant and System Operators","72,540",0,NULL
1133,"Software and Web Developers, Programmers, and Testers","113,720",0,NULL
1134,"Model Makers and Patternmakers, Wood","56,560",0,NULL
1135,"Miscellaneous Computer Occupations","98,180",0,NULL
1136,"Administrative Services Managers","113,030",0,NULL
1137,"Tire Builders","47,840",0,NULL
1138,"Industrial Production Managers","117,780",0,NULL
1139,"Chemical Plant and System Operators","69,020",0,NULL
1140,"Emergency Management Directors","84,800",0,NULL
1141,"Helpers--Production Workers","32,910",0,NULL
1142,"Computer Occupations, All Other","98,180",0,NULL
1143,"Mixing and Blending Machine Setters, Operators, and Tenders","42,490",0,NULL
1144,"Gas Plant Operators","76,970",0,NULL
1145,"Financial Specialists, All Other","80,370",0,NULL
1146,"Chief Executives","213,020",0,NULL
1147,"Model Makers, Wood","60,040",0,NULL
1148,"Computer and Mathematical Occupations","99,860",0,NULL
1149,"Commercial Pilots","115,080",0,NULL
1150,"Production Workers, All Other","36,230",0,NULL
1151,"Industrial Production Managers","117,780",0,NULL
1152,"Material Moving Workers","34,900",0,NULL
1153,"Petroleum Pump System Operators, Refinery Operators, and Gaugers","80,500",0,NULL
1154,"Emergency Management Directors","84,800",0,NULL
1155,"Mathematical Science Occupations","103,800",0,NULL
1156,"Cutting Workers","39,300",0,NULL
1157,"Purchasing Managers","134,590",0,NULL
1158,"Conveyor Operators and Tenders","37,010",0,NULL
1159,Actuaries,"125,300",0,NULL
1160,"Computer and Information Analysts","104,840",0,NULL
1161,"Purchasing Managers","134,590",0,NULL
1162,"Air Traffic Controllers and Airfield Operations Specialists","100,510",0,NULL
1163,Actuaries,"125,300",0,NULL
1164,"Personal Service Managers","74,360",0,NULL
1165,"Transportation, Storage, and Distribution Managers","105,580",0,NULL
1166,"Cutters and Trimmers, Hand","34,330",0,NULL
1167,Mathematicians,"112,430",0,NULL
1168,"Conveyor Operators and Tenders","37,010",0,NULL
1169,"Transportation, Storage, and Distribution Managers","105,580",0,NULL
1170,"Air Traffic Controllers","127,920",0,NULL
1171,"Precision Instrument and Equipment Repairers","54,870",0,NULL
1172,"Airfield Operations Specialists","54,360",0,NULL
1173,Mathematicians,"112,430",0,NULL
1174,"Cutting and Slicing Machine Setters, Operators, and Tenders","40,010",0,NULL
1175,"Computer Systems Analysts","102,210",0,NULL
1176,"Food and Tobacco Roasting, Baking, and Drying Machine Operators and Tenders","36,280",0,NULL
1177,"Extruding, Forming, Pressing, and Compacting Machine Setters, Operators, and Tenders","40,050",0,NULL
1178,"Flight Attendants","62,280",0,NULL
1179,"Compensation and Benefits Managers","139,470",0,NULL
1180,"Camera and Photographic Equipment Repairers","44,260",0,NULL
1181,"Extruding, Forming, Pressing, and Compacting Machine Setters, Operators, and Tenders","40,050",0,NULL
1182,"Operations Research Analysts","95,830",0,NULL
1183,"General and Operations Managers","115,250",0,NULL
1184,"Food Batchmakers","36,190",0,NULL
1185,"Crane and Tower Operators","65,270",0,NULL
1186,"Funeral Home Managers","82,900",0,NULL
1187,"Food Cooking Machine Operators and Tenders","35,430",0,NULL
1188,"Flight Attendants","62,280",0,NULL
1189,"Compensation and Benefits Managers","139,470",0,NULL
1190,"Furnace, Kiln, Oven, Drier, and Kettle Operators and Tenders","43,910",0,NULL
1191,"Operations Research Analysts","95,830",0,NULL
1192,"Information Security Analysts","113,270",0,NULL
1193,"Food Processing Workers, All Other","33,600",0,NULL
1194,"General and Operations Managers","115,250",0,NULL
1195,"Crane and Tower Operators","65,270",0,NULL
1196,"Metal Workers and Plastic Workers","44,840",0,NULL
1197,"Furnace, Kiln, Oven, Drier, and Kettle Operators and Tenders","43,910",0,NULL
1198,"Human Resources Managers","136,590",0,NULL
1199,"Motor Vehicle Operators","44,330",0,NULL
1200,"Forming Machine Setters, Operators, and Tenders, Metal and Plastic","42,710",0,NULL
1201,"Personal Service Managers, All Other","59,580",0,NULL
1202,"Dredge Operators","50,530",0,NULL
1203,Statisticians,"99,450",0,NULL
1204,"Dredge Operators","50,530",0,NULL
1205,"Human Resources Managers","136,590",0,NULL
1206,"Computer and Information Research Scientists","142,650",0,NULL
1207,Statisticians,"99,450",0,NULL
1208,"Ambulance Drivers and Attendants, Except Emergency Medical Technicians","31,060",0,NULL
1209,"Shoe Machine Operators and Tenders","29,920",0,NULL
1210,"Tailors, Dressmakers, and Sewers","34,630",0,NULL
1211,"Miscellaneous Managers","129,710",0,NULL
1212,"Extruding and Drawing Machine Setters, Operators, and Tenders, Metal and Plastic","40,520",0,NULL
1213,"Hoist and Winch Operators","58,450",0,NULL
1214,"Forging Machine Setters, Operators, and Tenders, Metal and Plastic","44,410",0,NULL
1215,Legislators,"57,110",0,NULL
1216,"Sewers, Hand","31,350",0,NULL
1217,"Ambulance Drivers and Attendants, Except Emergency Medical Technicians","31,060",0,NULL
1218,"Tailors, Dressmakers, and Custom Sewers","35,430",0,NULL
1219,"Computer and Information Research Scientists","142,650",0,NULL
1220,"Rolling Machine Setters, Operators, and Tenders, Metal and Plastic","46,210",0,NULL
1221,"Hoist and Winch Operators","58,450",0,NULL
1222,"Textile Machine Setters, Operators, and Tenders","33,110",0,NULL
1223,"Driver/Sales Workers and Truck Drivers","45,460",0,NULL
1224,"Textile Bleaching and Dyeing Machine Operators and Tenders","31,940",0,NULL
1225,"Textile Cutting Machine Setters, Operators, and Tenders","33,100",0,NULL
1226,"Driver/Sales Workers","31,970",0,NULL
1227,"Industrial Truck and Tractor Operators","40,950",0,NULL
1228,"Textile Knitting and Weaving Machine Setters, Operators, and Tenders","33,640",0,NULL
1229,"Heavy and Tractor-Trailer Truck Drivers","50,340",0,NULL
1230,"Textile Winding, Twisting, and Drawing Out Machine Setters, Operators, and Tenders","33,050",0,NULL
1231,"Industrial Truck and Tractor Operators","40,950",0,NULL
1232,"Woodworking Machine Setters, Operators, and Tenders","35,450",0,NULL
1233,"Light Truck Drivers","42,630",0,NULL
1234,"Miscellaneous Textile, Apparel, and Furnishings Workers","39,050",0,NULL
1235,"Sawing Machine Setters, Operators, and Tenders, Wood","35,280",0,NULL
1236,"Woodworking Machine Setters, Operators, and Tenders, Except Sawing","35,560",0,NULL
1237,"Machine Tool Cutting Setters, Operators, and Tenders, Metal and Plastic","40,740",0,NULL
1238,"Rail Transportation Workers","68,330",0,NULL
1239,"Gas Compressor and Gas Pumping Station Operators","67,130",0,NULL
1240,"Jewelers and Precious Stone and Metal Workers","47,090",0,NULL
1241,"Pump Operators, Except Wellhead Pumpers","54,400",0,NULL
1242,"Dental and Ophthalmic Laboratory Technicians and Medical Appliance Technicians","44,770",0,NULL
1243,"Wellhead Pumpers","67,170",0,NULL
1244,"Locomotive Engineers and Operators","71,410",0,NULL
1245,"Refuse and Recyclable Material Collectors","42,780",0,NULL
1246,"Locomotive Engineers","72,940",0,NULL
1247,"Refuse and Recyclable Material Collectors","42,780",0,NULL
1248,"Dental Laboratory Technicians","47,320",0,NULL
1249,"Rail Yard Engineers, Dinkey Operators, and Hostlers","58,070",0,NULL
1250,"Tank Car, Truck, and Ship Loaders","55,330",0,NULL
1251,"Medical Appliance Technicians","46,320",0,NULL
1252,"Tank Car, Truck, and Ship Loaders","55,330",0,NULL
1253,"Railroad Brake, Signal, and Switch Operators and Locomotive Firers","63,050",0,NULL
1254,"Railroad Brake, Signal, and Switch Operators and Locomotive Firers","63,050",0,NULL
1255,"Ophthalmic Laboratory Technicians","38,910",0,NULL
1256,"Miscellaneous Material Moving Workers","40,190",0,NULL
1257,"Material Moving Workers, All Other","40,190",0,NULL
1258,"Packaging and Filling Machine Operators and Tenders","36,750",0,NULL
1259,"Packaging and Filling Machine Operators and Tenders","36,750",0,NULL
1260,"Railroad Conductors and Yardmasters","66,990",0,NULL
1261,"Railroad Conductors and Yardmasters","66,990",0,NULL
1262,"Painting Workers","43,480",0,NULL
1263,"Subway and Streetcar Operators","71,520",0,NULL
1264,"Painting, Coating, and Decorating Workers","38,250",0,NULL
1265,"Subway and Streetcar Operators","71,520",0,NULL
1266,"Miscellaneous Rail Transportation Workers","54,140",0,NULL
1267,"Laborers and Material Movers","33,570",0,NULL
1268,"Coating, Painting, and Spraying Machine Setters, Operators, and Tenders","43,900",0,NULL
1269,"Passenger Vehicle Drivers","39,640",0,NULL
1270,"Semiconductor Processing Technicians","45,910",0,NULL
1271,"Bus Drivers, School","38,750",0,NULL
1272,"Rail Transportation Workers, All Other","54,140",0,NULL
1273,"Semiconductor Processing Technicians","45,910",0,NULL
1274,"Water Transportation Workers","80,780",0,NULL
1275,"Sailors and Marine Oilers","57,800",0,NULL
1276,"Photographic Process Workers and Processing Machine Operators","40,300",0,NULL
1277,"Photographic Process Workers and Processing Machine Operators","40,300",0,NULL
1278,"Sailors and Marine Oilers","57,800",0,NULL
1279,"Computer Numerically Controlled Tool Operators and Programmers","48,500",0,NULL
1280,"Cleaners of Vehicles and Equipment","30,550",0,NULL
1281,"Ship and Boat Captains and Operators","94,250",0,NULL
1282,"Computer Numerically Controlled Tool Operators","46,240",0,NULL
1283,"Bus Drivers, Transit and Intercity","51,310",0,NULL
1284,"Computer Numerically Controlled Tool Programmers","62,360",0,NULL
1285,"Laborers and Freight, Stock, and Material Movers, Hand","34,950",0,NULL
1286,"Miscellaneous Production Workers","36,920",0,NULL
1287,"Adhesive Bonding Machine Operators and Tenders","38,580",0,NULL
1288,"Machine Feeders and Offbearers","36,660",0,NULL
1289,"Shuttle Drivers and Chauffeurs","32,570",0,NULL
1290,"Cleaning, Washing, and Metal Pickling Equipment Operators and Tenders","35,820",0,NULL
1291,"Cooling and Freezing Equipment Operators and Tenders","42,910",0,NULL
1292,"Packers and Packagers, Hand","30,950",0,NULL
1293,"Etchers and Engravers","36,970",0,NULL
1294,"Taxi Drivers","30,050",0,NULL
1295,"Captains, Mates, and Pilots of Water Vessels","98,330",0,NULL
1296,"Motorboat Operators","44,410",0,NULL
1297,"Inspectors, Testers, Sorters, Samplers, and Weighers","44,810",0,NULL
1298,"Stockers and Order Fillers","33,020",0,NULL
1299,"Miscellaneous Motor Vehicle Operators","36,410",0,NULL
1300,"Ship Engineers","96,910",0,NULL
1301,"Inspectors, Testers, Sorters, Samplers, and Weighers","44,810",0,NULL
1302,"Ship Engineers","96,910",0,NULL
1303,"Other Transportation Workers","35,900",0,NULL
1304,"Motor Vehicle Operators, All Other","36,410",0,NULL
1305,"Bridge and Lock Tenders","44,760",0,NULL
1306,"Pumping Station Operators","62,590",0,NULL
1307,"Bridge and Lock Tenders","44,760",0,NULL
1308,"Jewelers and Precious Stone and Metal Workers","47,090",0,NULL
1309,"Parking Attendants","29,210",0,NULL
1310,"Parking Attendants","29,210",0,NULL
1311,"Transportation Service Attendants","30,810",0,NULL
1312,"Automotive and Watercraft Service Attendants","29,960",0,NULL
1313,"Managers, All Other","129,710",0,NULL
1314,"Traffic Technicians","53,210",0,NULL
1315,"Electrical Engineers","107,890",0,NULL
1316,"Computer Support Specialists","60,550",0,NULL
1317,"Electronics Engineers, Except Computer","115,490",0,NULL
1318,"Aircraft Service Attendants","38,640",0,NULL
1319,"Environmental Engineers","100,220",0,NULL
1320,"Traffic Technicians","53,210",0,NULL
1321,"Environmental Engineers","100,220",0,NULL
1322,"Industrial Engineers, Including Health and Safety","95,520",0,NULL
1323,"Health and Safety Engineers, Except Mining Safety Engineers and Inspectors","99,700",0,NULL
1324,"Industrial Engineers","95,200",0,NULL
1325,Physicists,"151,580",0,NULL
1326,"Marine Engineers and Naval Architects","97,820",0,NULL
1327,"Marine Engineers and Naval Architects","97,820",0,NULL
1328,"Materials Engineers","101,950",0,NULL
1329,"Materials Engineers","101,950",0,NULL
1330,"Patternmakers, Wood","51,020",0,NULL
1331,"Mechanical Engineers","97,000",0,NULL
1332,"Transportation and Material Moving Occupations","41,340",0,NULL
1333,"Mechanical Engineers","97,000",0,NULL
1334,"Plant and System Operators, All Other","55,480",0,NULL
1335,"Mining and Geological Engineers, Including Mining Safety Engineers","100,450",0,NULL
1336,"Mining and Geological Engineers, Including Mining Safety Engineers","100,450",0,NULL
1337,"Supervisors of Transportation and Material Moving Workers","58,630",0,NULL
1338,"Nuclear Engineers","121,760",0,NULL
1339,"Other Production Occupations","41,820",0,NULL
1340,"Nuclear Engineers","121,760",0,NULL
1341,"Petroleum Engineers","145,720",0,NULL
1342,"First-Line Supervisors of Transportation and Material Moving Workers","58,630",0,NULL
1343,"Petroleum Engineers","145,720",0,NULL
1344,"Chemical Processing Machine Setters, Operators, and Tenders","50,760",0,NULL
1345,"Miscellaneous Engineers","107,800",0,NULL
1346,"Engineers, All Other","107,800",0,NULL
1347,"Aircraft Cargo Handling Supervisors","62,080",0,NULL
1348,"Drafters, Engineering Technicians, and Mapping Technicians","62,420",0,NULL
1349,"Transportation Inspectors","77,620",0,NULL
1350,Drafters,"61,680",0,NULL
1351,"Chemical Equipment Operators and Tenders","52,450",0,NULL
1352,"Architectural and Civil Drafters","60,620",0,NULL
1353,"Electrical and Electronics Drafters","67,090",0,NULL
1354,"Mechanical Drafters","62,650",0,NULL
1355,"Transportation Inspectors","77,620",0,NULL
1356,"Drafters, All Other","58,330",0,NULL
1357,"First-Line Supervisors of Transportation and Material Moving Workers, Except Aircraft Cargo Handling Supervisors","58,580",0,NULL
1358,"Engineering Technologists and Technicians, Except Drafters","64,600",0,NULL
1359,"Separating, Filtering, Clarifying, Precipitating, and Still Machine Setters, Operators, and Tenders","47,060",0,NULL
1360,"Aerospace Engineering and Operations Technologists and Technicians","73,510",0,NULL
1361,"Civil Engineering Technologists and Technicians","58,000",0,NULL
1362,"Passenger Attendants","34,380",0,NULL
1363,"Electrical and Electronic Engineering Technologists and Technicians","69,070",0,NULL
1364,"Air Transportation Workers","119,590",0,NULL
1365,"Electro-Mechanical and Mechatronics Technologists and Technicians","63,880",0,NULL
1366,"Environmental Engineering Technologists and Technicians","56,590",0,NULL
1367,"Crushing, Grinding, Polishing, Mixing, and Blending Workers","41,900",0,NULL
1368,"Passenger Attendants","34,380",0,NULL
1369,"Industrial Engineering Technologists and Technicians","61,230",0,NULL
1370,"Aircraft Pilots and Flight Engineers","169,540",0,NULL
1371,"Mechanical Engineering Technologists and Technicians","63,390",0,NULL
1372,"Computer Occupations","99,620",0,NULL
1373,"Calibration Technologists and Technicians","62,800",0,NULL
1374,"Crushing, Grinding, and Polishing Machine Setters, Operators, and Tenders","42,790",0,NULL
1375,"Engineering Technologists and Technicians, Except Drafters, All Other","68,290",0,NULL
1376,"Miscellaneous Transportation Workers","39,990",0,NULL
1377,"Surveying and Mapping Technicians","49,810",0,NULL
1378,"Grinding and Polishing Workers, Hand","35,990",0,NULL
1379,"Airline Pilots, Copilots, and Flight Engineers","198,190",0,NULL
1380,"Surveying and Mapping Technicians","49,810",0,NULL
1381,"Life, Physical, and Social Science Occupations","80,730",0,NULL
1382,"Transportation Workers, All Other","39,990",0,NULL
1383,"Life Scientists","93,190",0,NULL
1384,"Agricultural and Food Scientists","79,970",0,NULL
1385,"Animal Scientists","80,390",0,NULL
1386,"Food Scientists and Technologists","84,150",0,NULL
1387,"Soil and Plant Scientists","76,290",0,NULL
1388,"Biological Scientists","93,970",0,NULL
1389,"Biochemists and Biophysicists","113,460",0,NULL
1390,Microbiologists,"87,820",0,NULL
1391,"Zoologists and Wildlife Biologists","70,300",0,NULL
1392,"Biological Scientists, All Other","90,010",0,NULL
1393,"Conservation Scientists and Foresters","68,080",0,NULL
1394,"Conservation Scientists","68,230",0,NULL
1395,Foresters,"67,710",0,NULL
1396,"Medical Scientists","102,830",0,NULL
1397,Epidemiologists,"86,740",0,NULL
1398,"Medical Scientists, Except Epidemiologists","104,050",0,NULL
1399,"Miscellaneous Life Scientists","94,430",0,NULL
1400,"Life Scientists, All Other","94,430",0,NULL
1401,"Physical Scientists","96,340",0,NULL
1402,"Astronomers and Physicists","150,510",0,NULL
1403,Astronomers,"139,410",0,NULL
